tag	dataset	layers	train_eps	eval_eps	epochs	batch	n_train	clean_acc	vra	robustness	exit	seconds
higgs_w1024_d5	higgs	[1024,1024,1024,1024,1024]	0.1	0.1	40	512	500000	0.7092499732971191	0.6221759915351868	0.8365879952907562	0	2410
emnistbal_w512_d8	emnist/balanced	[512,512,512,512,512,512,512,512]	0.4	0.3	100	256	NA	0.8204255104064941	0.6926063895225525	0.7626063823699951	0	1124
higgs_w512_d5	higgs	[512,512,512,512,512]	0.1	0.1	40	512	500000	0.7072679996490479	0.6207240223884583	0.8371520042419434	0	713
higgs_w128_d5_full	higgs	[128,128,128,128,128]	0.1	0.1	15	512	10500000	0.716372013092041	0.6261439919471741	0.8318060040473938	0	864
higgs_w256_d5_full	higgs	[256,256,256,256,256]	0.1	0.1	15	512	10500000	0.7195219993591309	0.6275500059127808	0.8288580030202866	0	1390
emnistbal_w512_d8_ep500	emnist/balanced	[512,512,512,512,512,512,512,512]	0.4	0.3	500	256	NA	0.8359042406082153	0.7140957713127136	0.779787227511406	0	5026
higgs_w512_d5_full	higgs	[512,512,512,512,512]	0.1	0.1	15	512	10500000	0.7195320129394531	0.6272240281105042	0.8284720033407211	0	3663
higgs_w1024_d5_full	higgs	[1024,1024,1024,1024,1024]	0.1	0.1	15	512	10500000	0.7191060185432434	0.6269840002059937	0.8289320021867752	0	14725
emnistbyc_cifar	emnist/byclass	[512,256,128,128,128,128,128,128]	0.4	0.3	300	256	NA	0.830721378326416	0.754089891910553	0.8623574078083038	0	5791
